{
  "input_dim": 90,
  "hidden_dims": [
    128,
    64,
    32
  ],
  "output_dim": 2,
  "device": "cpu",
  "model_class": "PolymerPredictor",
  "optimized_labels": [
    [
      5.192272663116455,
      148.7128143310547
    ],
    [
      7.558784008026123,
      148.74075317382812
    ],
    [
      5.141162872314453,
      147.85031127929688
    ],
    [
      91.93003845214844,
      54.23112106323242
    ],
    [
      92.50181579589844,
      51.160926818847656
    ],
    [
      93.34764099121094,
      44.55296325683594
    ],
    [
      93.6815185546875,
      40.11750411987305
    ],
    [
      92.64191436767578,
      33.8396110534668
    ],
    [
      89.69975280761719,
      34.57386016845703
    ],
    [
      77.58282470703125,
      81.26539611816406
    ],
    [
      79.25585174560547,
      81.03089141845703
    ],
    [
      89.82939910888672,
      58.321231842041016
    ],
    [
      92.75458526611328,
      54.80032730102539
    ],
    [
      90.41863250732422,
      49.67802047729492
    ],
    [
      85.5562744140625,
      63.429256439208984
    ],
    [
      93.1570053100586,
      57.387596130371094
    ],
    [
      88.43124389648438,
      67.38591003417969
    ],
    [
      8.2428617477417,
      153.60491943359375
    ],
    [
      8.233335494995117,
      153.63307189941406
    ],
    [
      92.49422454833984,
      30.047718048095703
    ],
    [
      91.9066162109375,
      32.87285614013672
    ],
    [
      2.3188400268554688,
      158.0412139892578
    ],
    [
      4.064863204956055,
      156.73782348632812
    ],
    [
      2.921236753463745,
      157.50303649902344
    ],
    [
      2.37716007232666,
      158.8642578125
    ],
    [
      2.214371919631958,
      158.062255859375
    ],
    [
      69.13243103027344,
      112.84082794189453
    ],
    [
      75.14615631103516,
      92.5897216796875
    ],
    [
      83.70466613769531,
      88.42068481445312
    ],
    [
      89.5923843383789,
      80.31144714355469
    ],
    [
      90.69126892089844,
      69.05134582519531
    ],
    [
      90.47066497802734,
      117.93602752685547
    ],
    [
      91.13399505615234,
      62.024925231933594
    ],
    [
      91.31575012207031,
      58.82052230834961
    ],
    [
      92.10944366455078,
      47.689945220947266
    ],
    [
      89.68270874023438,
      38.42722702026367
    ],
    [
      89.52399444580078,
      31.076391220092773
    ],
    [
      89.05470275878906,
      26.638622283935547
    ],
    [
      50.5822868347168,
      97.32647705078125
    ],
    [
      65.65692138671875,
      97.10558319091797
    ],
    [
      72.5608901977539,
      76.21665954589844
    ],
    [
      68.62090301513672,
      77.95864868164062
    ],
    [
      76.73709106445312,
      81.38957214355469
    ],
    [
      76.64067840576172,
      74.91580963134766
    ],
    [
      87.85906219482422,
      72.80677032470703
    ],
    [
      89.91488647460938,
      66.19734954833984
    ],
    [
      61.52561569213867,
      92.03019714355469
    ],
    [
      63.75008010864258,
      76.83604431152344
    ],
    [
      76.08549499511719,
      47.536190032958984
    ],
    [
      87.58572387695312,
      70.8617172241211
    ],
    [
      89.75226593017578,
      57.71238708496094
    ],
    [
      70.75236511230469,
      83.12808227539062
    ],
    [
      88.010498046875,
      75.68328094482422
    ],
    [
      89.55294036865234,
      58.05205154418945
    ],
    [
      90.4030532836914,
      60.50220489501953
    ],
    [
      91.38311004638672,
      54.68388366699219
    ],
    [
      90.28327178955078,
      41.852481842041016
    ],
    [
      87.82572174072266,
      48.50301742553711
    ],
    [
      89.13996124267578,
      30.811080932617188
    ],
    [
      89.6029281616211,
      40.09400939941406
    ],
    [
      5.509525775909424,
      148.96473693847656
    ],
    [
      91.67411804199219,
      27.33851432800293
    ],
    [
      90.90364837646484,
      63.99372863769531
    ],
    [
      90.62944793701172,
      70.24739837646484
    ],
    [
      91.149169921875,
      60.65031051635742
    ],
    [
      91.18330383300781,
      61.36289596557617
    ]
  ]
}