Materials,property_actual,property_predicted_log,property_predicted,property_mae,property_error_pct
"[PBS,PHBV]",25350.00000000002,10.107292,24521.172,828.8281250000182,3.2695389546351783
"[PBS,PHBV]",18479.999999999985,9.957433,21108.535,2628.5351562500146,14.22367508793299
"[PBSA,PHB]",26631.999999999985,10.048514,23121.412,3510.5878906249854,13.181840983121763
"[PBSA,PHB]",14745.000000000005,9.513397,13539.914,1205.0859375000055,8.172844608341844
"[PBSA,PHB]",11752.0,8.974578,7899.683,3852.31689453125,32.78009610731152
"[PBSA,PHB]",6709.499999999995,8.778655,6494.137,215.36279296874545,3.2098188086853803
"[PBSA,PHB]",4033.8,8.623972,5563.4404,1529.6404296874998,37.920581825759825
"[PLA, PHB]",14899.999999999995,9.78295,17728.883,2828.8828125000055,18.985790687919508
"[PLA, PHB]",10999.999999999998,9.086157,8832.178,2167.822265624998,19.707475142045443
