{
  "input_dim": 90,
  "hidden_dims": [
    128,
    64,
    32
  ],
  "output_dim": 2,
  "device": "cpu",
  "model_class": "PolymerPredictor",
  "optimized_labels": [
    [
      5.085813522338867,
      149.2664337158203
    ],
    [
      9.519247055053711,
      149.11219787597656
    ],
    [
      6.391014575958252,
      147.2677459716797
    ],
    [
      50.234134674072266,
      45.95698928833008
    ],
    [
      68.65979766845703,
      37.763004302978516
    ],
    [
      93.05496978759766,
      43.597103118896484
    ],
    [
      92.7033920288086,
      39.82851028442383
    ],
    [
      92.67084503173828,
      35.209251403808594
    ],
    [
      90.00322723388672,
      31.365238189697266
    ],
    [
      80.13941192626953,
      73.22464752197266
    ],
    [
      81.95063018798828,
      72.58030700683594
    ],
    [
      87.39032745361328,
      55.98043441772461
    ],
    [
      94.3001937866211,
      53.26424026489258
    ],
    [
      87.27384185791016,
      49.58137130737305
    ],
    [
      87.03595733642578,
      63.81273651123047
    ],
    [
      92.37683868408203,
      57.93041229248047
    ],
    [
      86.63139343261719,
      68.52217102050781
    ],
    [
      9.360189437866211,
      151.44468688964844
    ],
    [
      9.983744621276855,
      151.39637756347656
    ],
    [
      90.60455322265625,
      30.138795852661133
    ],
    [
      92.05091857910156,
      31.8046875
    ],
    [
      2.316941022872925,
      156.96151733398438
    ],
    [
      4.744246959686279,
      156.1048126220703
    ],
    [
      2.7634730339050293,
      157.10052490234375
    ],
    [
      3.010404586791992,
      157.24322509765625
    ],
    [
      3.660766363143921,
      157.65711975097656
    ],
    [
      68.81414031982422,
      115.13319396972656
    ],
    [
      75.48960876464844,
      96.46084594726562
    ],
    [
      84.25638580322266,
      86.63807678222656
    ],
    [
      89.63663482666016,
      76.94507598876953
    ],
    [
      90.93973541259766,
      67.29823303222656
    ],
    [
      90.7337417602539,
      118.01309967041016
    ],
    [
      90.636474609375,
      60.82085418701172
    ],
    [
      91.45813751220703,
      56.19346237182617
    ],
    [
      92.4934310913086,
      47.4787483215332
    ],
    [
      88.77330017089844,
      39.33219909667969
    ],
    [
      89.14778900146484,
      31.55194091796875
    ],
    [
      88.72860717773438,
      28.03310775756836
    ],
    [
      49.208717346191406,
      101.74103546142578
    ],
    [
      63.26337814331055,
      101.16863250732422
    ],
    [
      73.68714141845703,
      79.58001708984375
    ],
    [
      70.89666748046875,
      79.55796813964844
    ],
    [
      78.630126953125,
      79.00816345214844
    ],
    [
      78.96849060058594,
      74.00084686279297
    ],
    [
      90.42070770263672,
      70.32431030273438
    ],
    [
      91.23681640625,
      64.59127044677734
    ],
    [
      59.416561126708984,
      96.2878646850586
    ],
    [
      64.72952270507812,
      74.7813491821289
    ],
    [
      75.31104278564453,
      45.68745803833008
    ],
    [
      87.71502685546875,
      69.99541473388672
    ],
    [
      91.26709747314453,
      58.58463668823242
    ],
    [
      73.21224212646484,
      83.35181427001953
    ],
    [
      88.95533752441406,
      74.88365173339844
    ],
    [
      90.16939544677734,
      58.91185760498047
    ],
    [
      91.91641235351562,
      59.36452865600586
    ],
    [
      90.63518524169922,
      52.92011260986328
    ],
    [
      90.41565704345703,
      43.87954330444336
    ],
    [
      88.09745788574219,
      50.22986602783203
    ],
    [
      89.52569580078125,
      33.9916877746582
    ],
    [
      89.86251068115234,
      42.73684310913086
    ],
    [
      7.732800006866455,
      148.74278259277344
    ],
    [
      91.40656280517578,
      27.474679946899414
    ],
    [
      91.55795288085938,
      63.6879997253418
    ],
    [
      90.83264923095703,
      69.0670394897461
    ],
    [
      91.20173645019531,
      60.57537078857422
    ],
    [
      90.59107971191406,
      62.41946792602539
    ]
  ]
}