Materials,property_actual,property_predicted_log,property_predicted,property_mae,property_error_pct
DV-0002,0.10666666679999998,0.0025243424,1.0025275,0.8958608085570556,839.869506972403
DV-0007,1.2000000001,-0.2393036,0.78717583,0.4128241659210754,34.40201382388945
DV-0009,0.4500000001,0.13688876,1.1467006,0.6967006205512452,154.82236008809394
DV-0010,0.9500000001,0.09780948,1.1027527,0.15275268544687504,16.07923004534693
DV-0011,0.5666660001,0.2360614,1.266252,0.6995860407630371,123.45650535581463
