Materials,property_actual,property_predicted_log,property_predicted,property_mae,property_error_pct
DV-0002,0.10666666679999998,-2.158279,0.11552377,0.008857103651545739,8.303534662944715
DV-0007,1.2000000001,0.27821624,1.3207718,0.1207718132926392,10.064317773547907
DV-0009,0.4500000001,-0.5407595,0.58230585,0.1323058484984802,29.40129965979531
DV-0010,0.9500000001,-0.071376346,0.9311114,0.018888604740960657,1.9882741830497246
DV-0011,0.5666660001,-0.49898952,0.6071439,0.04047787883676757,7.1431634913025315
