Materials,property_actual,property_predicted_log,property_predicted,property_mae,property_error_pct
"[PBS,PHBV]",25350.00000000002,9.603377,14814.731,10535.268554687518,41.559244791666714
"[PBS,PHBV]",18479.999999999985,9.655799,15612.059,2867.9414062499854,15.5191634537337
"[PBSA,PHB]",26631.999999999985,9.62762,15178.265,11453.735351562485,43.007417210733294
"[PBSA,PHB]",14745.000000000005,8.615543,5516.7456,9228.254394531255,62.58565204836387
"[PBSA,PHB]",11752.0,7.8054605,2453.9653,9298.03466796875,79.11874292008807
"[PBSA,PHB]",6709.499999999995,7.472582,1759.1427,4950.357299804683,73.78131455107962
"[PBSA,PHB]",4033.8,8.151029,3466.9434,566.8566406250002,14.052670946130203
"[PLA, PHB]",14899.999999999995,9.355306,11559.994,3340.0058593749945,22.416146707214736
"[PLA, PHB]",10999.999999999998,9.390414,11973.058,973.0576171875018,8.8459783380682
