Materials,property_actual,property_predicted_log,property_predicted,property_mae,property_error_pct
"[80PBAT, 20PLA, 50um]",21.500000000100002,3.0073438,20.233583,1.266416549782619,5.890309533845249
"[80PBAT, 20PLA, 35um]",19.0000000001,2.935859,18.837677,0.16232299814687323,0.8543315691895733
"[80PBAT, 20PLA, 20um]",10.000000000100002,2.285253,9.828173,0.17182731638418147,1.7182731638246316
"[PBS,PHB,50um]",6.7900000001,1.9034775,6.7091856,0.08081439981923833,1.1901973463630062
"[PBS,PHB,50um]",5.9500000001,1.7693666,5.867136,0.08286399851308612,1.3926722438940076
